{"cameraMode":{"drawMode":0,"name":"Shaded","section":"Shading Mode"},"sceneLighting":true,"audioPlay":false,"sceneViewState":{"m_AlwaysRefresh":false,"showFog":true,"showSkybox":true,"showFlares":true,"showImageEffects":true,"showParticleSystems":true,"showVisualEffectGraphs":true,"m_FxEnabled":true},"in2DMode":false,"pivot":{"x":-1.8736534118652344,"y":1.3626768589019776,"z":1.9804942607879639},"rotation":{"x":0.020465977489948274,"y":-0.7307474613189697,"z":0.021928947418928148,"w":0.6819893717765808},"size":5.271815776824951,"orthographic":false}